Config,R2-Score,MSE,Max Error
"['RandomForestRegressor', 3, 9, 1]",0.3328520922841046,0.007295302682304169,0.41338858509911147
