Config,R2-Score,MSE,Max Error
"['RandomForestRegressor', 6, 9, 5]",0.28860864064973146,0.007779107499271515,0.5072814685314686
